date,product_category,sales_channel,units_sold,revenue,discount,shipping_cost,returns,customer_rating
2026-01-01,Electronics,Web,820,98200,0.112,7280,49,4.4
2026-01-01,Home,Retail,690,76800,0.061,5920,24,4.6
2026-01-01,Apparel,Web,910,64100,0.082,4310,31,4.3
2026-01-01,Beauty,Marketplace,760,43800,0.054,2880,18,4.7
2026-02-01,Electronics,Web,845,101400,0.118,7540,53,4.3
2026-02-01,Home,Retail,702,78200,0.065,6030,25,4.6
2026-02-01,Apparel,Web,934,65900,0.087,4420,34,4.3
2026-02-01,Beauty,Marketplace,784,45100,0.057,2960,19,4.7
2026-03-01,Electronics,Marketplace,871,105800,0.124,7860,58,4.2
2026-03-01,Home,Web,718,80100,0.068,6190,27,4.5
2026-03-01,Apparel,Retail,951,67400,0.091,4520,36,4.2
2026-03-01,Beauty,Web,801,46300,0.059,3040,20,4.6
2026-04-01,Electronics,Web,938,116900,0.151,8670,91,4.0
2026-04-01,Home,Retail,742,83900,0.072,6420,29,4.5
2026-04-01,Apparel,Web,978,70100,0.098,4710,39,4.2
2026-04-01,Beauty,Marketplace,826,48100,0.061,3160,21,4.6
2026-05-01,Electronics,Marketplace,984,123700,0.172,9220,119,3.8
2026-05-01,Home,Web,771,87400,0.076,6680,33,4.4
2026-05-01,Apparel,Retail,1004,72300,0.103,4860,43,4.1
2026-05-01,Beauty,Web,849,49700,0.064,3270,23,4.5
2026-06-01,Electronics,Web,1018,128400,0.184,9580,142,3.7
2026-06-01,Home,Retail,803,91200,0.081,6970,38,4.4
2026-06-01,Apparel,Web,1031,74800,0.116,5030,51,4.0
2026-06-01,Beauty,Marketplace,874,51400,0.068,3390,26,4.5
